Model,Target_Class,Final_Target_Acc,Final_Retained_Drop,loss_type,lr,gamma,lmbda,digit_0_before,digit_0_after,digit_1_before,digit_1_after,digit_2_before,digit_2_after,digit_3_before,digit_3_after,digit_4_before,digit_4_after,digit_5_before,digit_5_after,digit_6_before,digit_6_after,digit_7_before,digit_7_after,digit_8_before,digit_8_after,digit_9_before,digit_9_after
VAE,8,0.004,-0.0013333333333333346,mse,0.001,0.01,0.001,0.99,0.984,0.955,0.942,0.975,0.998,0.945,0.98,0.965,0.976,0.975,0.982,0.97,0.938,0.99,0.984,0.955,0.004,0.975,0.968
GAN,8,0.084,0.066,l1,0.0001,0.1,-,0.99,0.99,0.995,0.986,1.0,1.0,1.0,0.986,0.68,0.732,0.995,1.0,0.915,0.56,0.98,0.692,0.84,0.084,0.985,1.0
RectifiedFlow,8,0.998,-0.003555555555555534,l1,0.0005,0.01,0.1,0.965,0.954,0.995,0.992,0.975,0.964,0.935,0.99,0.95,0.938,0.925,0.882,0.945,0.972,0.955,0.972,0.965,0.998,0.925,0.938
Autoregressive,8,0.998,-0.00033333333333334595,mse,0.0005,0.01,0.01,0.62,0.902,0.835,0.312,0.925,1.0,0.88,0.982,0.785,0.812,0.805,0.952,0.605,0.798,0.825,0.918,0.85,0.998,0.625,0.232
NVP,8,0.11,0.005444444444444437,mse,0.0005,0.1,0.01,0.98,0.968,0.99,0.98,0.96,0.978,0.915,0.918,0.91,0.912,0.94,0.91,0.985,0.98,0.97,0.956,0.875,0.11,0.925,0.924
