Model,Target_Class,Final_Target_Acc,Final_Retained_Drop,loss_type,lr,gamma,lmbda,digit_0_before,digit_0_after,digit_1_before,digit_1_after,digit_2_before,digit_2_after,digit_3_before,digit_3_after,digit_4_before,digit_4_after,digit_5_before,digit_5_after,digit_6_before,digit_6_after,digit_7_before,digit_7_after,digit_8_before,digit_8_after,digit_9_before,digit_9_after
VAE,0,0.0,-0.014333333333333345,mse,0.001,0.1,0.0001,0.97,0.0,0.97,0.968,0.975,1.0,0.98,0.99,0.955,0.97,0.96,0.982,0.99,0.978,0.965,0.994,0.95,0.966,0.96,0.986
GAN,0,0.122,0.21455555555555555,l1,0.0001,0.001,-,1.0,0.122,0.995,0.994,1.0,0.948,1.0,0.958,0.765,0.546,0.995,0.456,0.89,0.632,0.97,0.178,0.8,1.0,0.98,0.752
RectifiedFlow,0,0.0,-0.00477777777777777,l1,0.0005,0.1,0.0001,0.97,0.0,0.985,0.992,0.985,0.984,0.93,0.976,0.93,0.914,0.905,0.91,0.96,0.964,0.965,0.988,0.935,0.916,0.93,0.924
Autoregressive,0,0.0,0.09633333333333335,mse,0.0005,0.1,0.01,0.67,0.0,0.885,0.224,0.955,0.99,0.895,0.978,0.76,0.84,0.79,0.92,0.64,0.634,0.88,0.882,0.93,0.784,0.67,0.286
NVP,0,0.096,0.007666666666666661,mse,0.0005,0.1,0.0001,0.995,0.096,0.98,0.992,0.975,0.966,0.91,0.896,0.92,0.92,0.94,0.92,0.975,0.954,0.96,0.944,0.885,0.892,0.91,0.902
