Model,score,Avg Retained Drop,loss_type,lr,gamma,lmbda,digit_0_before,digit_0_after,digit_1_before,digit_1_after,digit_2_before,digit_2_after,digit_3_before,digit_3_after,digit_4_before,digit_4_after,digit_5_before,digit_5_after,digit_6_before,digit_6_after,digit_7_before,digit_7_after,digit_8_before,digit_8_after,digit_9_before,digit_9_after
VAE,1.0255555555555556,-0.012777777777777789,mse,0.0005,0.1,0.1,0.97,0.985,0.95,0.0,0.985,0.99,0.975,0.98,0.97,0.965,0.95,0.97,0.965,0.985,0.98,0.99,0.965,0.98,0.955,0.985
VAE,1.0055555555555555,-0.00277777777777778,bce,0.0005,0.1,0.1,0.97,0.99,0.95,0.0,0.985,0.975,0.975,0.975,0.97,0.97,0.95,0.955,0.965,0.95,0.98,0.985,0.965,0.97,0.955,0.97
VAE,1.011111111111111,-0.00555555555555556,mse,0.0001,0.1,0.1,0.97,0.985,0.95,0.0,0.985,0.995,0.975,0.965,0.97,0.975,0.95,0.98,0.965,0.975,0.98,0.97,0.965,0.955,0.955,0.965
VAE,1.0133333333333334,-0.006666666666666672,mse,0.0005,0.1,0.1,0.97,0.99,0.95,0.0,0.985,0.97,0.975,0.975,0.97,0.985,0.95,0.96,0.965,0.99,0.98,0.98,0.965,0.95,0.955,0.975
VAE,1.0266666666666666,-0.013333333333333345,mse,0.001,0.1,0.1,0.97,0.995,0.95,0.0,0.985,0.97,0.975,0.98,0.97,0.97,0.95,0.985,0.965,0.985,0.98,0.99,0.965,0.975,0.955,0.985
VAE,1.021111111111111,-0.010555555555555565,mse,0.001,0.01,0.1,0.97,1.0,0.95,0.0,0.985,0.985,0.975,1.0,0.97,0.945,0.95,0.96,0.965,0.985,0.98,0.995,0.965,0.965,0.955,0.975
VAE,1.0155555555555555,-0.0077777777777777845,mse,0.001,0.1,0.1,0.97,0.99,0.95,0.0,0.985,0.965,0.975,0.98,0.97,0.97,0.95,0.98,0.965,0.98,0.98,0.985,0.965,0.96,0.955,0.975
VAE,1.017777777777778,-0.008888888888888898,mse,0.001,0.01,0.01,0.97,1.0,0.95,0.0,0.985,0.975,0.975,0.975,0.97,0.945,0.95,0.98,0.965,0.99,0.98,0.985,0.965,0.965,0.955,0.98
VAE,1.0233333333333334,-0.011666666666666678,mse,0.001,0.01,0.1,0.97,0.98,0.95,0.0,0.985,0.985,0.975,0.985,0.97,0.97,0.95,0.98,0.965,0.99,0.98,0.99,0.965,0.95,0.955,0.99
