Model,score,Avg Retained Drop,loss_type,lr,gamma,lmbda,digit_0_before,digit_0_after,digit_1_before,digit_1_after,digit_2_before,digit_2_after,digit_3_before,digit_3_after,digit_4_before,digit_4_after,digit_5_before,digit_5_after,digit_6_before,digit_6_after,digit_7_before,digit_7_after,digit_8_before,digit_8_after,digit_9_before,digit_9_after
GAN,0.5299999999999999,0.07,l1,5e-05,0.01,-,0.995,0.33,1.0,1.0,1.0,0.985,0.99,0.87,0.67,0.955,0.995,0.99,0.84,0.715,0.965,1.0,0.8,0.445,0.985,0.655
GAN,0.29388888888888887,0.05055555555555556,smooth_l1,5e-05,0.01,-,0.995,0.605,1.0,1.0,1.0,0.865,0.99,0.84,0.67,0.965,0.995,0.995,0.84,0.78,0.965,1.0,0.8,0.635,0.985,0.71
GAN,0.04555555555555554,0.022222222222222216,l1,1e-05,0.01,-,0.995,0.91,1.0,1.0,1.0,0.775,0.99,0.93,0.67,0.99,0.995,0.995,0.84,0.76,0.965,1.0,0.8,0.63,0.985,0.965
GAN,0.5622222222222222,0.09888888888888889,l1,5e-05,0.01,-,0.995,0.24,1.0,1.0,1.0,0.975,0.99,0.815,0.67,0.92,0.995,0.96,0.84,0.635,0.965,1.0,0.8,0.45,0.985,0.6
GAN,0.5427777777777778,0.10611111111111111,l1,0.0001,0.01,-,0.995,0.245,1.0,1.0,1.0,1.0,0.99,0.69,0.67,0.75,0.995,0.985,0.84,0.695,0.965,1.0,0.8,0.535,0.985,0.635
GAN,0.34777777777777785,0.1061111111111111,l1,5e-05,0.0001,-,0.995,0.44,1.0,1.0,1.0,0.97,0.99,0.805,0.67,0.915,0.995,0.98,0.84,0.51,0.965,0.965,0.8,0.515,0.985,0.63
GAN,0.4394444444444444,0.09277777777777778,l1,5e-05,0.001,-,0.995,0.375,1.0,1.0,1.0,0.99,0.99,0.775,0.67,0.91,0.995,0.975,0.84,0.655,0.965,1.0,0.8,0.49,0.985,0.615
GAN,0.4816666666666667,0.08166666666666667,l1,5e-05,0.01,-,0.995,0.355,1.0,1.0,1.0,0.985,0.99,0.755,0.67,0.945,0.995,0.97,0.84,0.68,0.965,1.0,0.8,0.505,0.985,0.67
GAN,0.601111111111111,0.05444444444444444,l1,5e-05,0.1,-,0.995,0.29,1.0,1.0,1.0,0.99,0.99,0.865,0.67,0.97,0.995,0.98,0.84,0.77,0.965,1.0,0.8,0.545,0.985,0.635
GAN,0.5366666666666666,0.041666666666666664,l1,5e-05,0.1,-,0.995,0.38,1.0,1.0,1.0,1.0,0.99,0.92,0.67,0.97,0.995,0.965,0.84,0.82,0.965,1.0,0.8,0.51,0.985,0.685
