Model,Target_Class,Final_Target_Acc,Final_Retained_Drop,loss_type,lr,gamma,lmbda,digit_0_before,digit_0_after,digit_1_before,digit_1_after,digit_2_before,digit_2_after,digit_3_before,digit_3_after,digit_4_before,digit_4_after,digit_5_before,digit_5_after,digit_6_before,digit_6_after,digit_7_before,digit_7_after,digit_8_before,digit_8_after,digit_9_before,digit_9_after
VAE,0,0.0,0.01966666666666665,mse,0.001,0.0001,0.001,0.985,0.0,0.99,0.94,0.98,0.982,0.965,0.978,0.94,0.966,0.965,0.956,0.97,0.89,0.955,0.964,0.96,0.924,0.97,0.918
GAN,0,0.066,0.2495555555555556,l1,0.0001,0.0001,-,0.99,0.066,0.99,0.978,1.0,0.952,1.0,0.784,0.65,0.472,0.995,0.378,0.845,0.572,0.99,0.21,0.805,1.0,0.995,0.678
RectifiedFlow,0,0.0,0.004666666666666646,mse,5e-05,0.1,0.001,0.965,0.0,0.985,0.972,0.975,0.982,0.94,0.96,0.935,0.916,0.9,0.934,0.95,0.916,0.975,0.988,0.94,0.906,0.93,0.914
Autoregressive,0,0.014,0.10777777777777778,mse,5e-05,0.1,0.0001,0.695,0.014,0.85,0.304,0.95,0.96,0.825,0.944,0.825,0.848,0.815,0.862,0.71,0.41,0.815,0.834,0.865,0.844,0.595,0.274
NVP,0,0.08,0.004444444444444449,mse,0.001,0.1,0.0001,0.985,0.08,0.98,0.974,0.975,0.964,0.9,0.896,0.89,0.906,0.93,0.928,0.975,0.982,0.965,0.944,0.9,0.876,0.915,0.92
