Model,Target_Class,Final_Target_Acc,Final_Retained_Drop,loss_type,lr,gamma,lmbda,digit_0_before,digit_0_after,digit_1_before,digit_1_after,digit_2_before,digit_2_after,digit_3_before,digit_3_after,digit_4_before,digit_4_after,digit_5_before,digit_5_after,digit_6_before,digit_6_after,digit_7_before,digit_7_after,digit_8_before,digit_8_after,digit_9_before,digit_9_after
VAE,6,0.0,0.02099999999999997,mse,0.001,0.0001,0.001,0.965,0.928,0.97,0.936,0.985,0.992,0.935,0.938,0.965,0.948,0.96,0.928,0.97,0.0,0.985,0.99,0.95,0.922,0.96,0.904
GAN,6,0.0,0.16755555555555557,l1,0.0001,0.0001,-,0.98,0.996,1.0,0.97,1.0,0.996,0.985,0.986,0.745,0.42,0.995,0.592,0.89,0.0,0.98,0.206,0.81,1.0,0.995,0.816
RectifiedFlow,6,0.0,0.026777777777777775,mse,5e-05,0.1,0.001,0.94,0.874,0.98,0.972,0.98,0.984,0.955,0.978,0.95,0.882,0.91,0.868,0.95,0.0,0.96,0.956,0.93,0.892,0.92,0.878
Autoregressive,6,0.066,0.055777777777777766,mse,5e-05,0.1,0.0001,0.69,0.776,0.855,0.334,0.94,0.982,0.91,0.978,0.76,0.824,0.85,0.918,0.67,0.066,0.86,0.834,0.91,0.824,0.595,0.398
NVP,6,0.092,0.011666666666666678,mse,0.001,0.1,0.0001,0.97,0.972,0.985,0.978,0.995,0.974,0.89,0.888,0.925,0.938,0.915,0.93,0.97,0.092,0.97,0.926,0.9,0.852,0.925,0.912
