Model,Target_Class,Final_Target_Acc,Final_Retained_Drop,loss_type,lr,gamma,lmbda,digit_0_before,digit_0_after,digit_1_before,digit_1_after,digit_2_before,digit_2_after,digit_3_before,digit_3_after,digit_4_before,digit_4_after,digit_5_before,digit_5_after,digit_6_before,digit_6_after,digit_7_before,digit_7_after,digit_8_before,digit_8_after,digit_9_before,digit_9_after
VAE,5,0.0,0.05911111111111108,mse,0.001,0.0001,0.001,0.95,0.98,0.96,0.876,0.99,0.998,0.97,0.764,0.965,0.93,0.945,0.0,0.975,0.878,0.94,0.972,0.985,0.848,0.965,0.922
GAN,5,0.324,0.2538888888888889,l1,0.0001,0.0001,-,0.99,0.806,0.99,0.96,1.0,0.994,0.995,0.39,0.725,0.604,0.99,0.324,0.89,0.548,0.995,0.222,0.82,1.0,0.98,0.576
RectifiedFlow,5,0.0,0.03433333333333334,mse,5e-05,0.1,0.001,0.99,0.974,0.995,0.98,0.985,0.97,0.93,0.83,0.965,0.95,0.915,0.0,0.94,0.93,0.97,0.96,0.945,0.842,0.895,0.87
Autoregressive,5,0.094,0.09377777777777775,mse,5e-05,0.1,0.0001,0.635,0.762,0.83,0.36,0.95,0.974,0.87,0.914,0.79,0.778,0.835,0.094,0.725,0.528,0.84,0.812,0.895,0.798,0.625,0.39
NVP,5,0.1,0.0108888888888889,mse,0.001,0.1,0.0001,0.97,0.982,0.985,0.98,0.97,0.95,0.925,0.902,0.905,0.888,0.94,0.1,0.955,0.974,0.965,0.95,0.86,0.866,0.935,0.88
