Model,Target_Class,Final_Target_Acc,Final_Retained_Drop,loss_type,lr,gamma,lmbda,digit_0_before,digit_0_after,digit_1_before,digit_1_after,digit_2_before,digit_2_after,digit_3_before,digit_3_after,digit_4_before,digit_4_after,digit_5_before,digit_5_after,digit_6_before,digit_6_after,digit_7_before,digit_7_after,digit_8_before,digit_8_after,digit_9_before,digit_9_after
VAE,4,0.99,0.03166666666666665,mse,0.001,0.0001,0.001,0.975,0.98,0.965,0.912,0.97,0.992,0.96,0.97,0.975,0.99,0.97,0.974,0.96,0.87,0.975,0.934,0.97,0.924,0.92,0.824
GAN,4,0.12,0.2552222222222222,l1,0.0001,0.0001,-,0.995,0.952,0.99,0.986,1.0,0.878,0.995,0.908,0.63,0.12,0.985,0.57,0.855,0.358,0.985,0.444,0.84,1.0,1.0,0.252
RectifiedFlow,4,0.0,0.038777777777777765,mse,5e-05,0.1,0.001,0.965,0.976,0.98,0.984,0.965,0.99,0.96,0.982,0.95,0.0,0.94,0.928,0.975,0.962,0.97,0.94,0.92,0.914,0.94,0.59
Autoregressive,4,0.014,0.0828888888888889,mse,5e-05,0.1,0.0001,0.675,0.736,0.785,0.328,0.945,0.97,0.91,0.958,0.785,0.014,0.79,0.888,0.705,0.45,0.825,0.886,0.9,0.896,0.545,0.222
NVP,4,0.066,0.015777777777777755,mse,0.001,0.1,0.0001,0.98,0.988,0.975,0.988,0.98,0.978,0.93,0.91,0.935,0.066,0.945,0.934,0.98,0.974,0.97,0.928,0.92,0.876,0.94,0.902
