Model,Target_Class,Final_Target_Acc,Final_Retained_Drop,loss_type,lr,gamma,lmbda,digit_0_before,digit_0_after,digit_1_before,digit_1_after,digit_2_before,digit_2_after,digit_3_before,digit_3_after,digit_4_before,digit_4_after,digit_5_before,digit_5_after,digit_6_before,digit_6_after,digit_7_before,digit_7_after,digit_8_before,digit_8_after,digit_9_before,digit_9_after
VAE,7,0.002,0.04944444444444443,mse,0.001,0.0001,0.001,0.975,0.942,0.975,0.88,0.98,0.996,0.97,0.97,0.975,0.904,0.98,0.954,0.96,0.946,0.975,0.002,0.97,0.926,0.94,0.762
GAN,7,0.0,0.16133333333333333,l1,0.0001,0.0001,-,0.995,0.96,1.0,0.854,1.0,1.0,1.0,0.774,0.735,0.45,0.995,0.792,0.875,0.426,0.99,0.0,0.82,1.0,1.0,0.712
RectifiedFlow,7,0.0,0.02766666666666668,mse,5e-05,0.1,0.001,0.985,0.984,0.985,0.972,0.99,0.986,0.94,0.962,0.935,0.952,0.92,0.896,0.965,0.95,0.945,0.0,0.92,0.93,0.915,0.674
Autoregressive,7,0.23,0.025666666666666664,mse,5e-05,0.1,0.0001,0.615,0.788,0.84,0.396,0.97,0.98,0.875,0.966,0.76,0.834,0.815,0.944,0.665,0.578,0.855,0.23,0.83,0.878,0.585,0.36
NVP,7,0.116,0.021888888888888885,mse,0.001,0.1,0.0001,0.96,0.98,0.995,0.964,0.98,0.948,0.925,0.876,0.94,0.92,0.945,0.908,0.955,0.966,0.955,0.116,0.925,0.858,0.87,0.878
